"id","district","lake","station","depth.ft","date","time","analyte","units","qual","result"
"2EFR21000201209201000000","2","EFR","21000",0,2012-09-20,"1000","Alkalinity, Total","mg/l CaCO3","",89
"2EFR21000201209201000000","2","EFR","21000",0,2012-09-20,"1000","NH4-N, NA","mg/l","",0.043
"2EFR21000201209201000000","2","EFR","21000",0,2012-09-20,"1000","Atrazine, NA","mg/l","",0.0022
"2EFR21000201209201000000","2","EFR","21000",0,2012-09-20,"1000","Chloride, NA","mg/l","",14
"2EFR21000201209201000000","2","EFR","21000",0,2012-09-20,"1000","Chlorophyll a, NA","mg/m3","",23
"2EFR21000201209201000000","2","EFR","21000",0,2012-09-20,"1000","Organic carbon, Dissolved","mg/l","",6.5
"2EFR21000201209201000000","2","EFR","21000",0,2012-09-20,"1000","NO2.3-N, NA","mg/l","<",0.2
"2EFR21000201209201000000","2","EFR","21000",0,2012-09-20,"1000","Kjeldahl nitrogen-N, NA","mg/l","<",1.2
"2EFR21000201209201000000","2","EFR","21000",0,2012-09-20,"1000","reactive.phosphorus, NA","mg/l","",0.057
"2EFR21000201209201000000","2","EFR","21000",0,2012-09-20,"1000","Total solids","mg/l","",160
"2EFR21000201209201000000","2","EFR","21000",0,2012-09-20,"1000","Sulfate, NA","mg/l","",12
"2EFR21000201209201000000","2","EFR","21000",0,2012-09-20,"1000","Total dissolved solids","mg/l","",150
"2EFR21000201209201000000","2","EFR","21000",0,2012-09-20,"1000","Hardness, Ca, Mg, Total","mg/l","",110
"2EFR21000201209201000000","2","EFR","21000",0,2012-09-20,"1000","Organc carbon, Total","mg/l","",6.2
"2EFR21000201209201000000","2","EFR","21000",0,2012-09-20,"1000","Total suspended solids","mg/l","",6
"2EFR21000201209201000010","2","EFR","21000",10,2012-09-20,"1000","Chlorophyll a, NA","mg/m3","",16
"2EFR21000201209201000016","2","EFR","21000",16,2012-09-20,"1000","Alkalinity, Total","mg/l CaCO3","",91
"2EFR21000201209201000016","2","EFR","21000",16,2012-09-20,"1000","NH4-N, NA","mg/l","<",0.2
"2EFR21000201209201000016","2","EFR","21000",16,2012-09-20,"1000","Atrazine, NA","mg/l","",0.002
"2EFR21000201209201000016","2","EFR","21000",16,2012-09-20,"1000","Chloride, NA","mg/l","",14
"2EFR21000201209201000016","2","EFR","21000",16,2012-09-20,"1000","Organic carbon, Dissolved","mg/l","",5.9
"2EFR21000201209201000016","2","EFR","21000",16,2012-09-20,"1000","NO2.3-N, NA","mg/l","<",0.2
"2EFR21000201209201000016","2","EFR","21000",16,2012-09-20,"1000","Kjeldahl nitrogen-N, NA","mg/l","",0.55
"2EFR21000201209201000016","2","EFR","21000",16,2012-09-20,"1000","reactive.phosphorus, NA","mg/l","",0.048
"2EFR21000201209201000016","2","EFR","21000",16,2012-09-20,"1000","Total solids","mg/l","",160
"2EFR21000201209201000016","2","EFR","21000",16,2012-09-20,"1000","Sulfate, NA","mg/l","",11
"2EFR21000201209201000016","2","EFR","21000",16,2012-09-20,"1000","Total dissolved solids","mg/l","",160
"2EFR21000201209201000016","2","EFR","21000",16,2012-09-20,"1000","Hardness, Ca, Mg, Total","mg/l","",110
"2EFR21000201209201000016","2","EFR","21000",16,2012-09-20,"1000","Organc carbon, Total","mg/l","",5.7
"2EFR21000201209201000016","2","EFR","21000",16,2012-09-20,"1000","Total suspended solids","mg/l","",5.8
"2EFR21000201209201000020","2","EFR","21000",20,2012-09-20,"1000","Chlorophyll a, NA","mg/m3","",18
"2EFR21000201209201000024","2","EFR","21000",24,2012-09-20,"1000","Alkalinity, Total","mg/l CaCO3","",86
"2EFR21000201209201000024","2","EFR","21000",24,2012-09-20,"1000","NH4-N, NA","mg/l","<",0.2
"2EFR21000201209201000024","2","EFR","21000",24,2012-09-20,"1000","Atrazine, NA","mg/l","",0.0019
"2EFR21000201209201000024","2","EFR","21000",24,2012-09-20,"1000","Chloride, NA","mg/l","",13
"2EFR21000201209201000024","2","EFR","21000",24,2012-09-20,"1000","Organic carbon, Dissolved","mg/l","",5.5
"2EFR21000201209201000024","2","EFR","21000",24,2012-09-20,"1000","NO2.3-N, NA","mg/l","<",0.2
"2EFR21000201209201000024","2","EFR","21000",24,2012-09-20,"1000","Kjeldahl nitrogen-N, NA","mg/l","<",1.2
"2EFR21000201209201000024","2","EFR","21000",24,2012-09-20,"1000","reactive.phosphorus, NA","mg/l","",0.05
"2EFR21000201209201000024","2","EFR","21000",24,2012-09-20,"1000","Total solids","mg/l","",160
"2EFR21000201209201000024","2","EFR","21000",24,2012-09-20,"1000","Sulfate, NA","mg/l","",13
"2EFR21000201209201000024","2","EFR","21000",24,2012-09-20,"1000","Total dissolved solids","mg/l","",160
"2EFR21000201209201000024","2","EFR","21000",24,2012-09-20,"1000","Hardness, Ca, Mg, Total","mg/l","",100
"2EFR21000201209201000024","2","EFR","21000",24,2012-09-20,"1000","Mercury, Total","mg/l","<",0.00012
"2EFR21000201209201000024","2","EFR","21000",24,2012-09-20,"1000","Organc carbon, Total","mg/l","",6.3
"2EFR21000201209201000024","2","EFR","21000",24,2012-09-20,"1000","Total suspended solids","mg/l","",4
"2EFR21000201209201000005","2","EFR","21000",5,2012-09-20,"1000","Chlorophyll a, NA","mg/m3","",23
"2EFR20004201209201100000","2","EFR","20004",0,2012-09-20,"1100","Alkalinity, Total","mg/l CaCO3","",88
"2EFR20005201209201100000","2","EFR","20005",0,2012-09-20,"1100","Alkalinity, Total","mg/l CaCO3","",91
"2EFR20004201209201100000","2","EFR","20004",0,2012-09-20,"1100","NH4-N, NA","mg/l","<",0.2
"2EFR20005201209201100000","2","EFR","20005",0,2012-09-20,"1100","NH4-N, NA","mg/l","<",0.2
"2EFR20004201209201100000","2","EFR","20004",0,2012-09-20,"1100","Atrazine, NA","mg/l","",0.0014
"2EFR20005201209201100000","2","EFR","20005",0,2012-09-20,"1100","Atrazine, NA","mg/l","",0.0021
"2EFR20004201209201100000","2","EFR","20004",0,2012-09-20,"1100","Chloride, NA","mg/l","",13
"2EFR20005201209201100000","2","EFR","20005",0,2012-09-20,"1100","Chloride, NA","mg/l","",13
"2EFR20005201209201100000","2","EFR","20005",0,2012-09-20,"1100","Chlorophyll a, NA","mg/m3","",29
"2EFR20004201209201100000","2","EFR","20004",0,2012-09-20,"1100","Chlorophyll a, NA","mg/m3","",69
"2EFR20005201209201100000","2","EFR","20005",0,2012-09-20,"1100","Organic carbon, Dissolved","mg/l","",6.6
"2EFR20004201209201100000","2","EFR","20004",0,2012-09-20,"1100","Organic carbon, Dissolved","mg/l","",6.7
"2EFR20004201209201100000","2","EFR","20004",0,2012-09-20,"1100","NO2.3-N, NA","mg/l","<",0.2
"2EFR20005201209201100000","2","EFR","20005",0,2012-09-20,"1100","NO2.3-N, NA","mg/l","<",0.2
"2EFR20005201209201100000","2","EFR","20005",0,2012-09-20,"1100","Kjeldahl nitrogen-N, NA","mg/l","",0.53
"2EFR20004201209201100000","2","EFR","20004",0,2012-09-20,"1100","Kjeldahl nitrogen-N, NA","mg/l","",0.59
"2EFR20004201209201100000","2","EFR","20004",0,2012-09-20,"1100","reactive.phosphorus, NA","mg/l","",0.11
"2EFR20005201209201100000","2","EFR","20005",0,2012-09-20,"1100","reactive.phosphorus, NA","mg/l","",0.051
"2EFR20005201209201100000","2","EFR","20005",0,2012-09-20,"1100","Total solids","mg/l","",160
"2EFR20004201209201100000","2","EFR","20004",0,2012-09-20,"1100","Total solids","mg/l","",190
"2EFR20004201209201100000","2","EFR","20004",0,2012-09-20,"1100","Sulfate, NA","mg/l","",13
"2EFR20005201209201100000","2","EFR","20005",0,2012-09-20,"1100","Sulfate, NA","mg/l","",13
"2EFR20005201209201100000","2","EFR","20005",0,2012-09-20,"1100","Total dissolved solids","mg/l","",150
"2EFR20004201209201100000","2","EFR","20004",0,2012-09-20,"1100","Total dissolved solids","mg/l","",160
"2EFR20005201209201100000","2","EFR","20005",0,2012-09-20,"1100","Hardness, Ca, Mg, Total","mg/l","",100
"2EFR20004201209201100000","2","EFR","20004",0,2012-09-20,"1100","Hardness, Ca, Mg, Total","mg/l","",110
"2EFR20005201209201100000","2","EFR","20005",0,2012-09-20,"1100","Organc carbon, Total","mg/l","",6.1
"2EFR20004201209201100000","2","EFR","20004",0,2012-09-20,"1100","Organc carbon, Total","mg/l","",6.5
"2EFR20004201209201100000","2","EFR","20004",0,2012-09-20,"1100","Total suspended solids","mg/l","",12
"2EFR20005201209201100000","2","EFR","20005",0,2012-09-20,"1100","Total suspended solids","mg/l","",6
"2EFR20005201209201100005","2","EFR","20005",5,2012-09-20,"1100","Chlorophyll a, NA","mg/m3","",29
"2EFR20004201209201100005","2","EFR","20004",5,2012-09-20,"1100","Chlorophyll a, NA","mg/m3","",39
"2EFR21001201209200900000","2","EFR","21001",0,2012-09-20,"0900","Alkalinity, Total","mg/l CaCO3","",87
"2EFR21001201209200900000","2","EFR","21001",0,2012-09-20,"0900","NH4-N, NA","mg/l","<",0.2
"2EFR21001201209200900000","2","EFR","21001",0,2012-09-20,"0900","Atrazine, NA","mg/l","",0.0018
"2EFR21001201209200900000","2","EFR","21001",0,2012-09-20,"0900","Chloride, NA","mg/l","",14
"2EFR21001201209200900000","2","EFR","21001",0,2012-09-20,"0900","Chlorophyll a, NA","mg/m3","",22
"2EFR21001201209200900000","2","EFR","21001",0,2012-09-20,"0900","Organic carbon, Dissolved","mg/l","",6.4
"2EFR21001201209200900000","2","EFR","21001",0,2012-09-20,"0900","NO2.3-N, NA","mg/l","<",0.2
"2EFR21001201209200900000","2","EFR","21001",0,2012-09-20,"0900","Kjeldahl nitrogen-N, NA","mg/l","",0.42
"2EFR21001201209200900000","2","EFR","21001",0,2012-09-20,"0900","reactive.phosphorus, NA","mg/l","",0.043
"2EFR21001201209200900000","2","EFR","21001",0,2012-09-20,"0900","Total solids","mg/l","",160
"2EFR21001201209200900000","2","EFR","21001",0,2012-09-20,"0900","Sulfate, NA","mg/l","",12
"2EFR21001201209200900000","2","EFR","21001",0,2012-09-20,"0900","Total dissolved solids","mg/l","",140
"2EFR21001201209200900000","2","EFR","21001",0,2012-09-20,"0900","Hardness, Ca, Mg, Total","mg/l","",100
"2EFR21001201209200900000","2","EFR","21001",0,2012-09-20,"0900","Organc carbon, Total","mg/l","",6.3
"2EFR21001201209200900000","2","EFR","21001",0,2012-09-20,"0900","Total suspended solids","mg/l","",7.1
"2EFR21001201209200900010","2","EFR","21001",10,2012-09-20,"0900","Alkalinity, Total","mg/l CaCO3","",90
"2EFR21001201209200900010","2","EFR","21001",10,2012-09-20,"0900","NH4-N, NA","mg/l","<",0.2
"2EFR21001201209200900010","2","EFR","21001",10,2012-09-20,"0900","Atrazine, NA","mg/l","",0.0018
"2EFR21001201209200900010","2","EFR","21001",10,2012-09-20,"0900","Chloride, NA","mg/l","",14
"2EFR21001201209200900010","2","EFR","21001",10,2012-09-20,"0900","Chlorophyll a, NA","mg/m3","",18
"2EFR21001201209200900010","2","EFR","21001",10,2012-09-20,"0900","Organic carbon, Dissolved","mg/l","",5.8
"2EFR21001201209200900010","2","EFR","21001",10,2012-09-20,"0900","NO2.3-N, NA","mg/l","<",0.2
"2EFR21001201209200900010","2","EFR","21001",10,2012-09-20,"0900","Kjeldahl nitrogen-N, NA","mg/l","<",1.2
"2EFR21001201209200900010","2","EFR","21001",10,2012-09-20,"0900","reactive.phosphorus, NA","mg/l","",0.046
"2EFR21001201209200900010","2","EFR","21001",10,2012-09-20,"0900","Total solids","mg/l","",150
"2EFR21001201209200900010","2","EFR","21001",10,2012-09-20,"0900","Sulfate, NA","mg/l","",12
"2EFR21001201209200900010","2","EFR","21001",10,2012-09-20,"0900","Total dissolved solids","mg/l","",150
"2EFR21001201209200900010","2","EFR","21001",10,2012-09-20,"0900","Hardness, Ca, Mg, Total","mg/l","",110
"2EFR21001201209200900010","2","EFR","21001",10,2012-09-20,"0900","Organc carbon, Total","mg/l","",6.2
"2EFR21001201209200900010","2","EFR","21001",10,2012-09-20,"0900","Total suspended solids","mg/l","",7.8
"2EFR21001201209200900016","2","EFR","21001",16,2012-09-20,"0900","Alkalinity, Total","mg/l CaCO3","",88
"2EFR21001201209200900016","2","EFR","21001",16,2012-09-20,"0900","NH4-N, NA","mg/l","<",0.2
"2EFR21001201209200900016","2","EFR","21001",16,2012-09-20,"0900","Atrazine, NA","mg/l","",0.0016
"2EFR21001201209200900016","2","EFR","21001",16,2012-09-20,"0900","Chloride, NA","mg/l","",14
"2EFR21001201209200900016","2","EFR","21001",16,2012-09-20,"0900","Organic carbon, Dissolved","mg/l","",6.2
"2EFR21001201209200900016","2","EFR","21001",16,2012-09-20,"0900","NO2.3-N, NA","mg/l","<",0.2
"2EFR21001201209200900016","2","EFR","21001",16,2012-09-20,"0900","Kjeldahl nitrogen-N, NA","mg/l","",1
"2EFR21001201209200900016","2","EFR","21001",16,2012-09-20,"0900","reactive.phosphorus, NA","mg/l","",0.083
"2EFR21001201209200900016","2","EFR","21001",16,2012-09-20,"0900","Total solids","mg/l","",160
"2EFR21001201209200900016","2","EFR","21001",16,2012-09-20,"0900","Sulfate, NA","mg/l","",12
"2EFR21001201209200900016","2","EFR","21001",16,2012-09-20,"0900","Total dissolved solids","mg/l","",150
"2EFR21001201209200900016","2","EFR","21001",16,2012-09-20,"0900","Hardness, Ca, Mg, Total","mg/l","",110
"2EFR21001201209200900016","2","EFR","21001",16,2012-09-20,"0900","Mercury, Total","mg/l","<",0.00012
"2EFR21001201209200900016","2","EFR","21001",16,2012-09-20,"0900","Organc carbon, Total","mg/l","",6.5
"2EFR21001201209200900016","2","EFR","21001",16,2012-09-20,"0900","Total suspended solids","mg/l","",18
"2EFR21001201209200900020","2","EFR","21001",20,2012-09-20,"0900","Chlorophyll a, NA","mg/m3","",21
"2EFR21001201209200900005","2","EFR","21001",5,2012-09-20,"0900","Chlorophyll a, NA","mg/m3","",26
"2EFR20001201209241200000","2","EFR","20001",0,2012-09-24,"1200","Alkalinity, Total","mg/l CaCO3","",90
"2EFR20001201209241200000","2","EFR","20001",0,2012-09-24,"1200","NH4-N, NA","mg/l","<",0.2
"2EFR20001201209241200000","2","EFR","20001",0,2012-09-24,"1200","Atrazine, NA","mg/l","",0.0019
"2EFR20001201209241200000","2","EFR","20001",0,2012-09-24,"1200","Chloride, NA","mg/l","",13
"2EFR20001201209241200000","2","EFR","20001",0,2012-09-24,"1200","Chlorophyll a, NA","mg/m3","",4.1
"2EFR20001201209241200000","2","EFR","20001",0,2012-09-24,"1200","Organic carbon, Dissolved","mg/l","",8.1
"2EFR20001201209241200000","2","EFR","20001",0,2012-09-24,"1200","NO2.3-N, NA","mg/l","<",0.2
"2EFR20001201209241200000","2","EFR","20001",0,2012-09-24,"1200","Kjeldahl nitrogen-N, NA","mg/l","<",1.2
"2EFR20001201209241200000","2","EFR","20001",0,2012-09-24,"1200","reactive.phosphorus, NA","mg/l","",0.044
"2EFR20001201209241200000","2","EFR","20001",0,2012-09-24,"1200","Total solids","mg/l","",160
"2EFR20001201209241200000","2","EFR","20001",0,2012-09-24,"1200","Sulfate, NA","mg/l","",13
"2EFR20001201209241200000","2","EFR","20001",0,2012-09-24,"1200","Total dissolved solids","mg/l","",150
"2EFR20001201209241200000","2","EFR","20001",0,2012-09-24,"1200","Hardness, Ca, Mg, Total","mg/l","",100
"2EFR20001201209241200000","2","EFR","20001",0,2012-09-24,"1200","Organc carbon, Total","mg/l","",15
"2EFR20001201209241200000","2","EFR","20001",0,2012-09-24,"1200","Total suspended solids","mg/l","",2.6
"2EFR20001201209241200010","2","EFR","20001",10,2012-09-24,"1200","Chlorophyll a, NA","mg/m3","",7.1
"2EFR20001201209241200020","2","EFR","20001",20,2012-09-24,"1200","Chlorophyll a, NA","mg/m3","",5
"2EFR20001201209241200034","2","EFR","20001",34,2012-09-24,"1200","Alkalinity, Total","mg/l CaCO3","",93
"2EFR20001201209241200034","2","EFR","20001",34,2012-09-24,"1200","NH4-N, NA","mg/l","",0.2
"2EFR20001201209241200034","2","EFR","20001",34,2012-09-24,"1200","Atrazine, NA","mg/l","",0.0024
"2EFR20001201209241200034","2","EFR","20001",34,2012-09-24,"1200","Chloride, NA","mg/l","",13
"2EFR20001201209241200034","2","EFR","20001",34,2012-09-24,"1200","Organic carbon, Dissolved","mg/l","",7.9
"2EFR20001201209241200034","2","EFR","20001",34,2012-09-24,"1200","NO2.3-N, NA","mg/l","<",0.2
"2EFR20001201209241200034","2","EFR","20001",34,2012-09-24,"1200","Kjeldahl nitrogen-N, NA","mg/l","",0.38
"2EFR20001201209241200034","2","EFR","20001",34,2012-09-24,"1200","reactive.phosphorus, NA","mg/l","",0.13
"2EFR20001201209241200034","2","EFR","20001",34,2012-09-24,"1200","Total solids","mg/l","",170
"2EFR20001201209241200034","2","EFR","20001",34,2012-09-24,"1200","Sulfate, NA","mg/l","",19
"2EFR20001201209241200034","2","EFR","20001",34,2012-09-24,"1200","Total dissolved solids","mg/l","",150
"2EFR20001201209241200034","2","EFR","20001",34,2012-09-24,"1200","Hardness, Ca, Mg, Total","mg/l","",100
"2EFR20001201209241200034","2","EFR","20001",34,2012-09-24,"1200","Organc carbon, Total","mg/l","",8.8
"2EFR20001201209241200034","2","EFR","20001",34,2012-09-24,"1200","Total suspended solids","mg/l","",4.4
"2EFR20001201209241200005","2","EFR","20001",5,2012-09-24,"1200","Chlorophyll a, NA","mg/m3","",5.8
"2EFR20001201209241200068","2","EFR","20001",68,2012-09-24,"1200","Alkalinity, Total","mg/l CaCO3","",100
"2EFR20001201209241200068","2","EFR","20001",68,2012-09-24,"1200","NH4-N, NA","mg/l","",0.65
"2EFR20001201209241200068","2","EFR","20001",68,2012-09-24,"1200","Atrazine, NA","mg/l","",0.0029
"2EFR20001201209241200068","2","EFR","20001",68,2012-09-24,"1200","Chloride, NA","mg/l","",15
"2EFR20001201209241200068","2","EFR","20001",68,2012-09-24,"1200","Organic carbon, Dissolved","mg/l","",10
"2EFR20001201209241200068","2","EFR","20001",68,2012-09-24,"1200","NO2.3-N, NA","mg/l","<",0.2
"2EFR20001201209241200068","2","EFR","20001",68,2012-09-24,"1200","Kjeldahl nitrogen-N, NA","mg/l","",0.74
"2EFR20001201209241200068","2","EFR","20001",68,2012-09-24,"1200","reactive.phosphorus, NA","mg/l","",0.36
"2EFR20001201209241200068","2","EFR","20001",68,2012-09-24,"1200","Total solids","mg/l","",180
"2EFR20001201209241200068","2","EFR","20001",68,2012-09-24,"1200","Sulfate, NA","mg/l","",14
"2EFR20001201209241200068","2","EFR","20001",68,2012-09-24,"1200","Total dissolved solids","mg/l","",170
"2EFR20001201209241200068","2","EFR","20001",68,2012-09-24,"1200","Hardness, Ca, Mg, Total","mg/l","",110
"2EFR20001201209241200068","2","EFR","20001",68,2012-09-24,"1200","Mercury, Total","mg/l","<",0.00012
"2EFR20001201209241200068","2","EFR","20001",68,2012-09-24,"1200","Organc carbon, Total","mg/l","",10
"2EFR20001201209241200068","2","EFR","20001",68,2012-09-24,"1200","Total suspended solids","mg/l","",4
"2EFR20001201209241241000","2","EFR","20001",0,2012-09-24,"1241","Chlorophyll a, NA","mg/m3","",7.3
"2EFR20001201209241241068","2","EFR","20001",68,2012-09-24,"1241","Alkalinity, Total","mg/l CaCO3","",100
"2EFR20001201209241241068","2","EFR","20001",68,2012-09-24,"1241","NH4-N, NA","mg/l","",0.64
"2EFR20001201209241241068","2","EFR","20001",68,2012-09-24,"1241","Atrazine, NA","mg/l","",0.0011
"2EFR20001201209241241068","2","EFR","20001",68,2012-09-24,"1241","Chloride, NA","mg/l","",15
"2EFR20001201209241241068","2","EFR","20001",68,2012-09-24,"1241","Organic carbon, Dissolved","mg/l","",9.6
"2EFR20001201209241241068","2","EFR","20001",68,2012-09-24,"1241","NO2.3-N, NA","mg/l","<",0.2
"2EFR20001201209241241068","2","EFR","20001",68,2012-09-24,"1241","Kjeldahl nitrogen-N, NA","mg/l","",0.47
"2EFR20001201209241241068","2","EFR","20001",68,2012-09-24,"1241","reactive.phosphorus, NA","mg/l","",0.25
"2EFR20001201209241241068","2","EFR","20001",68,2012-09-24,"1241","Total solids","mg/l","",180
"2EFR20001201209241241068","2","EFR","20001",68,2012-09-24,"1241","Sulfate, NA","mg/l","",14
"2EFR20001201209241241068","2","EFR","20001",68,2012-09-24,"1241","Total dissolved solids","mg/l","",170
"2EFR20001201209241241068","2","EFR","20001",68,2012-09-24,"1241","Hardness, Ca, Mg, Total","mg/l","",110
"2EFR20001201209241241068","2","EFR","20001",68,2012-09-24,"1241","Mercury, Total","mg/l","<",0.00012
"2EFR20001201209241241068","2","EFR","20001",68,2012-09-24,"1241","Organc carbon, Total","mg/l","",9.6
"2EFR20001201209241241068","2","EFR","20001",68,2012-09-24,"1241","Total suspended solids","mg/l","",3.6
"2EFR20024201209241300000","2","EFR","20024",0,2012-09-24,"1300","Alkalinity, Total","mg/l CaCO3","",90
"2EFR20024201209241300000","2","EFR","20024",0,2012-09-24,"1300","NH4-N, NA","mg/l","",0.67
"2EFR20024201209241300000","2","EFR","20024",0,2012-09-24,"1300","Atrazine, NA","mg/l","",0.0027
"2EFR20024201209241300000","2","EFR","20024",0,2012-09-24,"1300","Chloride, NA","mg/l","",13
"2EFR20024201209241300000","2","EFR","20024",0,2012-09-24,"1300","Chlorophyll a, NA","mg/m3","",4.1
"2EFR20024201209241300000","2","EFR","20024",0,2012-09-24,"1300","Organic carbon, Dissolved","mg/l","",11
"2EFR20024201209241300000","2","EFR","20024",0,2012-09-24,"1300","NO2.3-N, NA","mg/l","<",0.2
"2EFR20024201209241300000","2","EFR","20024",0,2012-09-24,"1300","Kjeldahl nitrogen-N, NA","mg/l","",0.91
"2EFR20024201209241300000","2","EFR","20024",0,2012-09-24,"1300","reactive.phosphorus, NA","mg/l","",0.29
"2EFR20024201209241300000","2","EFR","20024",0,2012-09-24,"1300","Total solids","mg/l","",160
"2EFR20024201209241300000","2","EFR","20024",0,2012-09-24,"1300","Sulfate, NA","mg/l","",13
"2EFR20024201209241300000","2","EFR","20024",0,2012-09-24,"1300","Total dissolved solids","mg/l","",150
"2EFR20024201209241300000","2","EFR","20024",0,2012-09-24,"1300","Hardness, Ca, Mg, Total","mg/l","",100
"2EFR20024201209241300000","2","EFR","20024",0,2012-09-24,"1300","Organc carbon, Total","mg/l","",11
"2EFR20024201209241300000","2","EFR","20024",0,2012-09-24,"1300","Total suspended solids","mg/l","",2.2
"2EFR20024201209241300010","2","EFR","20024",10,2012-09-24,"1300","Chlorophyll a, NA","mg/m3","",8.2
"2EFR20024201209241300020","2","EFR","20024",20,2012-09-24,"1300","Chlorophyll a, NA","mg/m3","",4.5
"2EFR20024201209241300034","2","EFR","20024",34,2012-09-24,"1300","Alkalinity, Total","mg/l CaCO3","",95
"2EFR20024201209241300034","2","EFR","20024",34,2012-09-24,"1300","NH4-N, NA","mg/l","",0.09
"2EFR20024201209241300034","2","EFR","20024",34,2012-09-24,"1300","Atrazine, NA","mg/l","",0.0022
"2EFR20024201209241300034","2","EFR","20024",34,2012-09-24,"1300","Chloride, NA","mg/l","",13
"2EFR20024201209241300034","2","EFR","20024",34,2012-09-24,"1300","Organic carbon, Dissolved","mg/l","",8.5
"2EFR20024201209241300034","2","EFR","20024",34,2012-09-24,"1300","NO2.3-N, NA","mg/l","<",0.2
"2EFR20024201209241300034","2","EFR","20024",34,2012-09-24,"1300","Kjeldahl nitrogen-N, NA","mg/l","",0.44
"2EFR20024201209241300034","2","EFR","20024",34,2012-09-24,"1300","reactive.phosphorus, NA","mg/l","",0.087
"2EFR20024201209241300034","2","EFR","20024",34,2012-09-24,"1300","Total solids","mg/l","",170
"2EFR20024201209241300034","2","EFR","20024",34,2012-09-24,"1300","Sulfate, NA","mg/l","",13
"2EFR20024201209241300034","2","EFR","20024",34,2012-09-24,"1300","Total dissolved solids","mg/l","",160
"2EFR20024201209241300034","2","EFR","20024",34,2012-09-24,"1300","Hardness, Ca, Mg, Total","mg/l","",100
"2EFR20024201209241300034","2","EFR","20024",34,2012-09-24,"1300","Organc carbon, Total","mg/l","",9
"2EFR20024201209241300034","2","EFR","20024",34,2012-09-24,"1300","Total suspended solids","mg/l","",6.2
"2EFR20024201209241300048","2","EFR","20024",48,2012-09-24,"1300","Alkalinity, Total","mg/l CaCO3","",110
"2EFR20024201209241300048","2","EFR","20024",48,2012-09-24,"1300","NH4-N, NA","mg/l","",2
"2EFR20024201209241300048","2","EFR","20024",48,2012-09-24,"1300","Atrazine, NA","mg/l","",0.0039
"2EFR20024201209241300048","2","EFR","20024",48,2012-09-24,"1300","Chloride, NA","mg/l","",14
"2EFR20024201209241300048","2","EFR","20024",48,2012-09-24,"1300","Organic carbon, Dissolved","mg/l","",10
"2EFR20024201209241300048","2","EFR","20024",48,2012-09-24,"1300","NO2.3-N, NA","mg/l","<",0.2
"2EFR20024201209241300048","2","EFR","20024",48,2012-09-24,"1300","Kjeldahl nitrogen-N, NA","mg/l","",1.9
"2EFR20024201209241300048","2","EFR","20024",48,2012-09-24,"1300","reactive.phosphorus, NA","mg/l","",0.57
"2EFR20024201209241300048","2","EFR","20024",48,2012-09-24,"1300","Total solids","mg/l","",190
"2EFR20024201209241300048","2","EFR","20024",48,2012-09-24,"1300","Sulfate, NA","mg/l","",9.3
"2EFR20024201209241300048","2","EFR","20024",48,2012-09-24,"1300","Total dissolved solids","mg/l","",170
"2EFR20024201209241300048","2","EFR","20024",48,2012-09-24,"1300","Hardness, Ca, Mg, Total","mg/l","",110
"2EFR20024201209241300048","2","EFR","20024",48,2012-09-24,"1300","Mercury, Total","mg/l","<",0.00012
"2EFR20024201209241300048","2","EFR","20024",48,2012-09-24,"1300","Organc carbon, Total","mg/l","",11
"2EFR20024201209241300048","2","EFR","20024",48,2012-09-24,"1300","Total suspended solids","mg/l","",17
"2EFR20024201209241300005","2","EFR","20024",5,2012-09-24,"1300","Chlorophyll a, NA","mg/m3","",8.2
"2EFR23001201209241400000","2","EFR","23001",0,2012-09-24,"1400","Alkalinity, Total","mg/l CaCO3","",87
"2EFR23001201209241400000","2","EFR","23001",0,2012-09-24,"1400","NH4-N, NA","mg/l","<",0.2
"2EFR23001201209241400000","2","EFR","23001",0,2012-09-24,"1400","Atrazine, NA","mg/l","",0.0021
"2EFR23001201209241400000","2","EFR","23001",0,2012-09-24,"1400","Chloride, NA","mg/l","",13
"2EFR23001201209241400000","2","EFR","23001",0,2012-09-24,"1400","Chlorophyll a, NA","mg/m3","",8.8
"2EFR23001201209241400000","2","EFR","23001",0,2012-09-24,"1400","Organic carbon, Dissolved","mg/l","",9.5
"2EFR23001201209241400000","2","EFR","23001",0,2012-09-24,"1400","NO2.3-N, NA","mg/l","<",0.2
"2EFR23001201209241400000","2","EFR","23001",0,2012-09-24,"1400","Kjeldahl nitrogen-N, NA","mg/l","<",1.2
"2EFR23001201209241400000","2","EFR","23001",0,2012-09-24,"1400","reactive.phosphorus, NA","mg/l","",0.049
"2EFR23001201209241400000","2","EFR","23001",0,2012-09-24,"1400","Total solids","mg/l","",170
"2EFR23001201209241400000","2","EFR","23001",0,2012-09-24,"1400","Sulfate, NA","mg/l","",14
"2EFR23001201209241400000","2","EFR","23001",0,2012-09-24,"1400","Total dissolved solids","mg/l","",150
"2EFR23001201209241400000","2","EFR","23001",0,2012-09-24,"1400","Hardness, Ca, Mg, Total","mg/l","",100
"2EFR23001201209241400000","2","EFR","23001",0,2012-09-24,"1400","Organc carbon, Total","mg/l","",8
"2EFR23001201209241400000","2","EFR","23001",0,2012-09-24,"1400","Total suspended solids","mg/l","",2.8
"2EFR23001201209241400010","2","EFR","23001",10,2012-09-24,"1400","Chlorophyll a, NA","mg/m3","",7.1
"2EFR23001201209241400018","2","EFR","23001",18,2012-09-24,"1400","Alkalinity, Total","mg/l CaCO3","",90
"2EFR23001201209241400018","2","EFR","23001",18,2012-09-24,"1400","NH4-N, NA","mg/l","<",0.2
"2EFR23001201209241400018","2","EFR","23001",18,2012-09-24,"1400","Atrazine, NA","mg/l","",0.0023
"2EFR23001201209241400018","2","EFR","23001",18,2012-09-24,"1400","Chloride, NA","mg/l","",13
"2EFR23001201209241400018","2","EFR","23001",18,2012-09-24,"1400","Organic carbon, Dissolved","mg/l","",8.2
"2EFR23001201209241400018","2","EFR","23001",18,2012-09-24,"1400","NO2.3-N, NA","mg/l","<",0.2
"2EFR23001201209241400018","2","EFR","23001",18,2012-09-24,"1400","Kjeldahl nitrogen-N, NA","mg/l","<",1.2
"2EFR23001201209241400018","2","EFR","23001",18,2012-09-24,"1400","reactive.phosphorus, NA","mg/l","",0.044
"2EFR23001201209241400018","2","EFR","23001",18,2012-09-24,"1400","Total solids","mg/l","",160
"2EFR23001201209241400018","2","EFR","23001",18,2012-09-24,"1400","Sulfate, NA","mg/l","",18
"2EFR23001201209241400018","2","EFR","23001",18,2012-09-24,"1400","Total dissolved solids","mg/l","",150
"2EFR23001201209241400018","2","EFR","23001",18,2012-09-24,"1400","Hardness, Ca, Mg, Total","mg/l","",100
"2EFR23001201209241400018","2","EFR","23001",18,2012-09-24,"1400","Organc carbon, Total","mg/l","",7.7
"2EFR23001201209241400018","2","EFR","23001",18,2012-09-24,"1400","Total suspended solids","mg/l","",8.2
"2EFR23001201209241400020","2","EFR","23001",20,2012-09-24,"1400","Chlorophyll a, NA","mg/m3","",7.3
"2EFR23001201209241400027","2","EFR","23001",27,2012-09-24,"1400","Alkalinity, Total","mg/l CaCO3","",87
"2EFR23001201209241400027","2","EFR","23001",27,2012-09-24,"1400","NH4-N, NA","mg/l","<",0.2
"2EFR23001201209241400027","2","EFR","23001",27,2012-09-24,"1400","Atrazine, NA","mg/l","",0.0018
"2EFR23001201209241400027","2","EFR","23001",27,2012-09-24,"1400","Chloride, NA","mg/l","",13
"2EFR23001201209241400027","2","EFR","23001",27,2012-09-24,"1400","Organic carbon, Dissolved","mg/l","",7.9
"2EFR23001201209241400027","2","EFR","23001",27,2012-09-24,"1400","NO2.3-N, NA","mg/l","<",0.2
"2EFR23001201209241400027","2","EFR","23001",27,2012-09-24,"1400","Kjeldahl nitrogen-N, NA","mg/l","",0.54
"2EFR23001201209241400027","2","EFR","23001",27,2012-09-24,"1400","reactive.phosphorus, NA","mg/l","",0.049
"2EFR23001201209241400027","2","EFR","23001",27,2012-09-24,"1400","Total solids","mg/l","",160
"2EFR23001201209241400027","2","EFR","23001",27,2012-09-24,"1400","Sulfate, NA","mg/l","",14
"2EFR23001201209241400027","2","EFR","23001",27,2012-09-24,"1400","Total dissolved solids","mg/l","",150
"2EFR23001201209241400027","2","EFR","23001",27,2012-09-24,"1400","Hardness, Ca, Mg, Total","mg/l","",100
"2EFR23001201209241400027","2","EFR","23001",27,2012-09-24,"1400","Mercury, Total","mg/l","",0.003
"2EFR23001201209241400027","2","EFR","23001",27,2012-09-24,"1400","Organc carbon, Total","mg/l","",8.4
"2EFR23001201209241400027","2","EFR","23001",27,2012-09-24,"1400","Total suspended solids","mg/l","",5.6
"2EFR23001201209241400005","2","EFR","23001",5,2012-09-24,"1400","Chlorophyll a, NA","mg/m3","",7.2
"2SRRS300201209181000000","2","SRR","S300",0,2012-09-18,"1000","Alkalinity, Total","mg/l CaCO3","",190
"2SRRH900S201209181000000","2","SRR","H900S",0,2012-09-18,"1000","Alkalinity, Total","mg/l CaCO3","",210
"2SRRS300201209181000000","2","SRR","S300",0,2012-09-18,"1000","NH4-N, NA","mg/l","<",0.2
"2SRRH900S201209181000000","2","SRR","H900S",0,2012-09-18,"1000","NH4-N, NA","mg/l","<",0.2
"2SRRS300201209181000000","2","SRR","S300",0,2012-09-18,"1000","Chloride, NA","mg/l","",31
"2SRRH900S201209181000000","2","SRR","H900S",0,2012-09-18,"1000","Chloride, NA","mg/l","",35
"2SRRS300201209181000000","2","SRR","S300",0,2012-09-18,"1000","Organic carbon, Dissolved","mg/l","",11
"2SRRH900S201209181000000","2","SRR","H900S",0,2012-09-18,"1000","Organic carbon, Dissolved","mg/l","",11
"2SRRH900S201209181000000","2","SRR","H900S",0,2012-09-18,"1000","NO2.3-N, NA","mg/l","",3.2
"2SRRS300201209181000000","2","SRR","S300",0,2012-09-18,"1000","NO2.3-N, NA","mg/l","",4.2
"2SRRS300201209181000000","2","SRR","S300",0,2012-09-18,"1000","Kjeldahl nitrogen-N, NA","mg/l","",0.91
"2SRRH900S201209181000000","2","SRR","H900S",0,2012-09-18,"1000","Kjeldahl nitrogen-N, NA","mg/l","",1.1
"2SRRS300201209181000000","2","SRR","S300",0,2012-09-18,"1000","reactive.phosphorus, NA","mg/l","",0.16
"2SRRH900S201209181000000","2","SRR","H900S",0,2012-09-18,"1000","reactive.phosphorus, NA","mg/l","",0.16
"2SRRS300201209181000000","2","SRR","S300",0,2012-09-18,"1000","Total solids","mg/l","",410
"2SRRH900S201209181000000","2","SRR","H900S",0,2012-09-18,"1000","Total solids","mg/l","",450
"2SRRS300201209181000000","2","SRR","S300",0,2012-09-18,"1000","Sulfate, NA","mg/l","",63
"2SRRH900S201209181000000","2","SRR","H900S",0,2012-09-18,"1000","Sulfate, NA","mg/l","",69
"2SRRS300201209181000000","2","SRR","S300",0,2012-09-18,"1000","Total dissolved solids","mg/l","",400
"2SRRH900S201209181000000","2","SRR","H900S",0,2012-09-18,"1000","Total dissolved solids","mg/l","",430
"2SRRS300201209181000000","2","SRR","S300",0,2012-09-18,"1000","Organc carbon, Total","mg/l","",13
"2SRRH900S201209181000000","2","SRR","H900S",0,2012-09-18,"1000","Organc carbon, Total","mg/l","",13
"2SRRS300201209181000000","2","SRR","S300",0,2012-09-18,"1000","Total suspended solids","mg/l","",27
"2SRRH900S201209181000000","2","SRR","H900S",0,2012-09-18,"1000","Total suspended solids","mg/l","",29
"2SRRHWY05201209181100000","2","SRR","HWY05",0,2012-09-18,"1100","Alkalinity, Total","mg/l CaCO3","",210
"2SRRH600W201209181100000","2","SRR","H600W",0,2012-09-18,"1100","Alkalinity, Total","mg/l CaCO3","",210
"2SRRS1000201209181100000","2","SRR","S1000",0,2012-09-18,"1100","Alkalinity, Total","mg/l CaCO3","",210
"2SRRHWY03201209181100000","2","SRR","HWY03",0,2012-09-18,"1100","Alkalinity, Total","mg/l CaCO3","",220
"2SRRHWY05201209181100000","2","SRR","HWY05",0,2012-09-18,"1100","NH4-N, NA","mg/l","<",0.2
"2SRRHWY03201209181100000","2","SRR","HWY03",0,2012-09-18,"1100","NH4-N, NA","mg/l","<",0.2
"2SRRH600W201209181100000","2","SRR","H600W",0,2012-09-18,"1100","NH4-N, NA","mg/l","<",0.2
"2SRRS1000201209181100000","2","SRR","S1000",0,2012-09-18,"1100","NH4-N, NA","mg/l","<",0.2
"2SRRHWY05201209181100000","2","SRR","HWY05",0,2012-09-18,"1100","Chloride, NA","mg/l","",32
"2SRRH600W201209181100000","2","SRR","H600W",0,2012-09-18,"1100","Chloride, NA","mg/l","",35
"2SRRHWY03201209181100000","2","SRR","HWY03",0,2012-09-18,"1100","Chloride, NA","mg/l","",36
"2SRRS1000201209181100000","2","SRR","S1000",0,2012-09-18,"1100","Chloride, NA","mg/l","",41
"2SRRS1000201209181100000","2","SRR","S1000",0,2012-09-18,"1100","Organic carbon, Dissolved","mg/l","",10
"2SRRHWY05201209181100000","2","SRR","HWY05",0,2012-09-18,"1100","Organic carbon, Dissolved","mg/l","",11
"2SRRHWY03201209181100000","2","SRR","HWY03",0,2012-09-18,"1100","Organic carbon, Dissolved","mg/l","",11
"2SRRH600W201209181100000","2","SRR","H600W",0,2012-09-18,"1100","Organic carbon, Dissolved","mg/l","",9.4
"2SRRHWY03201209181100000","2","SRR","HWY03",0,2012-09-18,"1100","NO2.3-N, NA","mg/l","",2.6
"2SRRHWY05201209181100000","2","SRR","HWY05",0,2012-09-18,"1100","NO2.3-N, NA","mg/l","",2.8
"2SRRS1000201209181100000","2","SRR","S1000",0,2012-09-18,"1100","NO2.3-N, NA","mg/l","",3
"2SRRH600W201209181100000","2","SRR","H600W",0,2012-09-18,"1100","NO2.3-N, NA","mg/l","",3.1
"2SRRHWY05201209181100000","2","SRR","HWY05",0,2012-09-18,"1100","Kjeldahl nitrogen-N, NA","mg/l","<",1.2
"2SRRH600W201209181100000","2","SRR","H600W",0,2012-09-18,"1100","Kjeldahl nitrogen-N, NA","mg/l","",0.78
"2SRRS1000201209181100000","2","SRR","S1000",0,2012-09-18,"1100","Kjeldahl nitrogen-N, NA","mg/l","",0.92
"2SRRHWY03201209181100000","2","SRR","HWY03",0,2012-09-18,"1100","Kjeldahl nitrogen-N, NA","mg/l","",1.4
"2SRRHWY05201209181100000","2","SRR","HWY05",0,2012-09-18,"1100","reactive.phosphorus, NA","mg/l","",0.15
"2SRRHWY03201209181100000","2","SRR","HWY03",0,2012-09-18,"1100","reactive.phosphorus, NA","mg/l","",0.15
"2SRRH600W201209181100000","2","SRR","H600W",0,2012-09-18,"1100","reactive.phosphorus, NA","mg/l","",0.17
"2SRRS1000201209181100000","2","SRR","S1000",0,2012-09-18,"1100","reactive.phosphorus, NA","mg/l","",0.18
"2SRRH600W201209181100000","2","SRR","H600W",0,2012-09-18,"1100","Total solids","mg/l","",390
"2SRRHWY05201209181100000","2","SRR","HWY05",0,2012-09-18,"1100","Total solids","mg/l","",430
"2SRRHWY03201209181100000","2","SRR","HWY03",0,2012-09-18,"1100","Total solids","mg/l","",460
"2SRRS1000201209181100000","2","SRR","S1000",0,2012-09-18,"1100","Total solids","mg/l","",460
"2SRRHWY05201209181100000","2","SRR","HWY05",0,2012-09-18,"1100","Sulfate, NA","mg/l","",72
"2SRRH600W201209181100000","2","SRR","H600W",0,2012-09-18,"1100","Sulfate, NA","mg/l","",79
"2SRRHWY03201209181100000","2","SRR","HWY03",0,2012-09-18,"1100","Sulfate, NA","mg/l","",90
"2SRRS1000201209181100000","2","SRR","S1000",0,2012-09-18,"1100","Sulfate, NA","mg/l","",94
"2SRRHWY03201209181100000","2","SRR","HWY03",0,2012-09-18,"1100","Total dissolved solids","mg/l","",300
"2SRRHWY05201209181100000","2","SRR","HWY05",0,2012-09-18,"1100","Total dissolved solids","mg/l","",440
"2SRRH600W201209181100000","2","SRR","H600W",0,2012-09-18,"1100","Total dissolved solids","mg/l","",460
"2SRRS1000201209181100000","2","SRR","S1000",0,2012-09-18,"1100","Total dissolved solids","mg/l","",470
"2SRRH600W201209181100000","2","SRR","H600W",0,2012-09-18,"1100","Organc carbon, Total","mg/l","",10
"2SRRS1000201209181100000","2","SRR","S1000",0,2012-09-18,"1100","Organc carbon, Total","mg/l","",11
"2SRRHWY05201209181100000","2","SRR","HWY05",0,2012-09-18,"1100","Organc carbon, Total","mg/l","",12
"2SRRHWY03201209181100000","2","SRR","HWY03",0,2012-09-18,"1100","Organc carbon, Total","mg/l","",13
"2SRRH600W201209181100000","2","SRR","H600W",0,2012-09-18,"1100","Total suspended solids","mg/l","",13
"2SRRHWY03201209181100000","2","SRR","HWY03",0,2012-09-18,"1100","Total suspended solids","mg/l","",15
"2SRRHWY05201209181100000","2","SRR","HWY05",0,2012-09-18,"1100","Total suspended solids","mg/l","",22
"2SRRS1000201209181100000","2","SRR","S1000",0,2012-09-18,"1100","Total suspended solids","mg/l","",7.8
"2SRRS300201209181200000","2","SRR","S300",0,2012-09-18,"1200","Alkalinity, Total","mg/l CaCO3","",210
"2SRRHWY18201209181200000","2","SRR","HWY18",0,2012-09-18,"1200","Alkalinity, Total","mg/l CaCO3","",210
"2SRRHWY01201209181200000","2","SRR","HWY01",0,2012-09-18,"1200","Alkalinity, Total","mg/l CaCO3","",240
"2SRRS300201209181200000","2","SRR","S300",0,2012-09-18,"1200","NH4-N, NA","mg/l","<",0.2
"2SRRHWY18201209181200000","2","SRR","HWY18",0,2012-09-18,"1200","NH4-N, NA","mg/l","<",0.2
"2SRRHWY01201209181200000","2","SRR","HWY01",0,2012-09-18,"1200","NH4-N, NA","mg/l","<",0.2
"2SRRS300201209181200000","2","SRR","S300",0,2012-09-18,"1200","Chloride, NA","mg/l","",31
"2SRRHWY18201209181200000","2","SRR","HWY18",0,2012-09-18,"1200","Chloride, NA","mg/l","",46
"2SRRHWY01201209181200000","2","SRR","HWY01",0,2012-09-18,"1200","Chloride, NA","mg/l","",76
"2SRRHWY01201209181200000","2","SRR","HWY01",0,2012-09-18,"1200","Organic carbon, Dissolved","mg/l","",6.5
"2SRRHWY18201209181200000","2","SRR","HWY18",0,2012-09-18,"1200","Organic carbon, Dissolved","mg/l","",7
"2SRRS300201209181200000","2","SRR","S300",0,2012-09-18,"1200","Organic carbon, Dissolved","mg/l","",7.4
"2SRRHWY01201209181200000","2","SRR","HWY01",0,2012-09-18,"1200","NO2.3-N, NA","mg/l","",2.1
"2SRRHWY18201209181200000","2","SRR","HWY18",0,2012-09-18,"1200","NO2.3-N, NA","mg/l","",2.2
"2SRRS300201209181200000","2","SRR","S300",0,2012-09-18,"1200","NO2.3-N, NA","mg/l","",3.2
"2SRRHWY18201209181200000","2","SRR","HWY18",0,2012-09-18,"1200","Kjeldahl nitrogen-N, NA","mg/l","<",1.2
"2SRRS300201209181200000","2","SRR","S300",0,2012-09-18,"1200","Kjeldahl nitrogen-N, NA","mg/l","",0.4
"2SRRHWY01201209181200000","2","SRR","HWY01",0,2012-09-18,"1200","Kjeldahl nitrogen-N, NA","mg/l","",0.46
"2SRRS300201209181200000","2","SRR","S300",0,2012-09-18,"1200","reactive.phosphorus, NA","mg/l","",0.14
"2SRRHWY18201209181200000","2","SRR","HWY18",0,2012-09-18,"1200","reactive.phosphorus, NA","mg/l","",0.15
"2SRRHWY01201209181200000","2","SRR","HWY01",0,2012-09-18,"1200","reactive.phosphorus, NA","mg/l","",0.15
"2SRRS300201209181200000","2","SRR","S300",0,2012-09-18,"1200","Total solids","mg/l","",480
"2SRRHWY18201209181200000","2","SRR","HWY18",0,2012-09-18,"1200","Total solids","mg/l","",500
"2SRRHWY01201209181200000","2","SRR","HWY01",0,2012-09-18,"1200","Total solids","mg/l","",590
"2SRRHWY18201209181200000","2","SRR","HWY18",0,2012-09-18,"1200","Sulfate, NA","mg/l","",110
"2SRRHWY01201209181200000","2","SRR","HWY01",0,2012-09-18,"1200","Sulfate, NA","mg/l","",130
"2SRRS300201209181200000","2","SRR","S300",0,2012-09-18,"1200","Sulfate, NA","mg/l","",78
"2SRRS300201209181200000","2","SRR","S300",0,2012-09-18,"1200","Total dissolved solids","mg/l","",520
"2SRRHWY18201209181200000","2","SRR","HWY18",0,2012-09-18,"1200","Total dissolved solids","mg/l","",520
"2SRRHWY01201209181200000","2","SRR","HWY01",0,2012-09-18,"1200","Total dissolved solids","mg/l","",590
"2SRRHWY18201209181200000","2","SRR","HWY18",0,2012-09-18,"1200","Organc carbon, Total","mg/l","",7.4
"2SRRHWY01201209181200000","2","SRR","HWY01",0,2012-09-18,"1200","Organc carbon, Total","mg/l","",7.5
"2SRRS300201209181200000","2","SRR","S300",0,2012-09-18,"1200","Organc carbon, Total","mg/l","",9.2
"2SRRS300201209181200000","2","SRR","S300",0,2012-09-18,"1200","Total suspended solids","mg/l","",10
"2SRRHWY01201209181200000","2","SRR","HWY01",0,2012-09-18,"1200","Total suspended solids","mg/l","",2
"2SRRHWY18201209181200000","2","SRR","HWY18",0,2012-09-18,"1200","Total suspended solids","mg/l","",7.8
"2SRRN750W201209181300000","2","SRR","N750W",0,2012-09-18,"1300","Alkalinity, Total","mg/l CaCO3","",240
"2SRRN750W201209181300000","2","SRR","N750W",0,2012-09-18,"1300","NH4-N, NA","mg/l","<",0.2
"2SRRN750W201209181300000","2","SRR","N750W",0,2012-09-18,"1300","Chloride, NA","mg/l","",76
"2SRRN750W201209181300000","2","SRR","N750W",0,2012-09-18,"1300","Organic carbon, Dissolved","mg/l","",6.4
"2SRRN750W201209181300000","2","SRR","N750W",0,2012-09-18,"1300","NO2.3-N, NA","mg/l","",2.3
"2SRRN750W201209181300000","2","SRR","N750W",0,2012-09-18,"1300","Kjeldahl nitrogen-N, NA","mg/l","",0.59
"2SRRN750W201209181300000","2","SRR","N750W",0,2012-09-18,"1300","reactive.phosphorus, NA","mg/l","",0.2
"2SRRN750W201209181300000","2","SRR","N750W",0,2012-09-18,"1300","Total solids","mg/l","",630
"2SRRN750W201209181300000","2","SRR","N750W",0,2012-09-18,"1300","Sulfate, NA","mg/l","",140
"2SRRN750W201209181300000","2","SRR","N750W",0,2012-09-18,"1300","Total dissolved solids","mg/l","",590
"2SRRN750W201209181300000","2","SRR","N750W",0,2012-09-18,"1300","Organc carbon, Total","mg/l","",7.6
"2SRRN750W201209181300000","2","SRR","N750W",0,2012-09-18,"1300","Total suspended solids","mg/l","",22
"2SRRWAYNE201209181400000","2","SRR","WAYNE",0,2012-09-18,"1400","Alkalinity, Total","mg/l CaCO3","",160
"2SRRHWY26201209181400000","2","SRR","HWY26",0,2012-09-18,"1400","Alkalinity, Total","mg/l CaCO3","",250
"2SRRHWY67201209181400000","2","SRR","HWY67",0,2012-09-18,"1400","Alkalinity, Total","mg/l CaCO3","",310
"2SRRHWY26201209181400000","2","SRR","HWY26",0,2012-09-18,"1400","NH4-N, NA","mg/l","<",0.2
"2SRRHWY67201209181400000","2","SRR","HWY67",0,2012-09-18,"1400","NH4-N, NA","mg/l","<",0.2
"2SRRWAYNE201209181400000","2","SRR","WAYNE",0,2012-09-18,"1400","NH4-N, NA","mg/l","",0.43
"2SRRHWY26201209181400000","2","SRR","HWY26",0,2012-09-18,"1400","Chloride, NA","mg/l","",190
"2SRRHWY67201209181400000","2","SRR","HWY67",0,2012-09-18,"1400","Chloride, NA","mg/l","",350
"2SRRWAYNE201209181400000","2","SRR","WAYNE",0,2012-09-18,"1400","Chloride, NA","mg/l","",88
"2SRRWAYNE201209181400000","2","SRR","WAYNE",0,2012-09-18,"1400","Organic carbon, Dissolved","mg/l","",11
"2SRRHWY26201209181400000","2","SRR","HWY26",0,2012-09-18,"1400","Organic carbon, Dissolved","mg/l","",7.2
"2SRRHWY67201209181400000","2","SRR","HWY67",0,2012-09-18,"1400","Organic carbon, Dissolved","mg/l","",8.3
"2SRRHWY26201209181400000","2","SRR","HWY26",0,2012-09-18,"1400","NO2.3-N, NA","mg/l","",3.4
"2SRRHWY67201209181400000","2","SRR","HWY67",0,2012-09-18,"1400","NO2.3-N, NA","mg/l","",3.7
"2SRRWAYNE201209181400000","2","SRR","WAYNE",0,2012-09-18,"1400","NO2.3-N, NA","mg/l","",6
"2SRRHWY26201209181400000","2","SRR","HWY26",0,2012-09-18,"1400","Kjeldahl nitrogen-N, NA","mg/l","",1
"2SRRHWY67201209181400000","2","SRR","HWY67",0,2012-09-18,"1400","Kjeldahl nitrogen-N, NA","mg/l","",1.2
"2SRRWAYNE201209181400000","2","SRR","WAYNE",0,2012-09-18,"1400","Kjeldahl nitrogen-N, NA","mg/l","",2.2
"2SRRWAYNE201209181400000","2","SRR","WAYNE",0,2012-09-18,"1400","reactive.phosphorus, NA","mg/l","",0.24
"2SRRHWY26201209181400000","2","SRR","HWY26",0,2012-09-18,"1400","reactive.phosphorus, NA","mg/l","",0.38
"2SRRHWY67201209181400000","2","SRR","HWY67",0,2012-09-18,"1400","reactive.phosphorus, NA","mg/l","",0.88
"2SRRHWY67201209181400000","2","SRR","HWY67",0,2012-09-18,"1400","Total solids","mg/l","",1200
"2SRRWAYNE201209181400000","2","SRR","WAYNE",0,2012-09-18,"1400","Total solids","mg/l","",520
"2SRRHWY26201209181400000","2","SRR","HWY26",0,2012-09-18,"1400","Total solids","mg/l","",920
"2SRRHWY26201209181400000","2","SRR","HWY26",0,2012-09-18,"1400","Sulfate, NA","mg/l","",180
"2SRRHWY67201209181400000","2","SRR","HWY67",0,2012-09-18,"1400","Sulfate, NA","mg/l","",200
"2SRRWAYNE201209181400000","2","SRR","WAYNE",0,2012-09-18,"1400","Sulfate, NA","mg/l","",84
"2SRRHWY67201209181400000","2","SRR","HWY67",0,2012-09-18,"1400","Total dissolved solids","mg/l","",1200
"2SRRWAYNE201209181400000","2","SRR","WAYNE",0,2012-09-18,"1400","Total dissolved solids","mg/l","",480
"2SRRHWY26201209181400000","2","SRR","HWY26",0,2012-09-18,"1400","Total dissolved solids","mg/l","",870
"2SRRWAYNE201209181400000","2","SRR","WAYNE",0,2012-09-18,"1400","Organc carbon, Total","mg/l","",11
"2SRRHWY26201209181400000","2","SRR","HWY26",0,2012-09-18,"1400","Organc carbon, Total","mg/l","",7.9
"2SRRHWY67201209181400000","2","SRR","HWY67",0,2012-09-18,"1400","Organc carbon, Total","mg/l","",8.4
"2SRRWAYNE201209181400000","2","SRR","WAYNE",0,2012-09-18,"1400","Total suspended solids","mg/l","",12
"2SRRHWY26201209181400000","2","SRR","HWY26",0,2012-09-18,"1400","Total suspended solids","mg/l","",5
"2SRRHWY67201209181400000","2","SRR","HWY67",0,2012-09-18,"1400","Total suspended solids","mg/l","",5.6
"2SRRHWY27201209181500000","2","SRR","HWY27",0,2012-09-18,"1500","Alkalinity, Total","mg/l CaCO3","",150
"2SRRCO131201209181500000","2","SRR","CO131",0,2012-09-18,"1500","Alkalinity, Total","mg/l CaCO3","",240
"2SRRW7ST201209181500000","2","SRR","W7ST",0,2012-09-18,"1500","Alkalinity, Total","mg/l CaCO3","",290
"2SRRCO131201209181500000","2","SRR","CO131",0,2012-09-18,"1500","NH4-N, NA","mg/l","<",0.2
"2SRRHWY27201209181500000","2","SRR","HWY27",0,2012-09-18,"1500","NH4-N, NA","mg/l","<",0.2
"2SRRW7ST201209181500000","2","SRR","W7ST",0,2012-09-18,"1500","NH4-N, NA","mg/l","",3.6
"2SRRW7ST201209181500000","2","SRR","W7ST",0,2012-09-18,"1500","Chloride, NA","mg/l","",160
"2SRRCO131201209181500000","2","SRR","CO131",0,2012-09-18,"1500","Chloride, NA","mg/l","",270
"2SRRHWY27201209181500000","2","SRR","HWY27",0,2012-09-18,"1500","Chloride, NA","mg/l","",37
"2SRRW7ST201209181500000","2","SRR","W7ST",0,2012-09-18,"1500","Organic carbon, Dissolved","mg/l","",24
"2SRRCO131201209181500000","2","SRR","CO131",0,2012-09-18,"1500","Organic carbon, Dissolved","mg/l","",8.7
"2SRRHWY27201209181500000","2","SRR","HWY27",0,2012-09-18,"1500","Organic carbon, Dissolved","mg/l","",9.4
"2SRRW7ST201209181500000","2","SRR","W7ST",0,2012-09-18,"1500","NO2.3-N, NA","mg/l","<",0.2
"2SRRHWY27201209181500000","2","SRR","HWY27",0,2012-09-18,"1500","NO2.3-N, NA","mg/l","",4.4
"2SRRCO131201209181500000","2","SRR","CO131",0,2012-09-18,"1500","NO2.3-N, NA","mg/l","",5.6
"2SRRHWY27201209181500000","2","SRR","HWY27",0,2012-09-18,"1500","Kjeldahl nitrogen-N, NA","mg/l","",1
"2SRRCO131201209181500000","2","SRR","CO131",0,2012-09-18,"1500","Kjeldahl nitrogen-N, NA","mg/l","",1.5
"2SRRW7ST201209181500000","2","SRR","W7ST",0,2012-09-18,"1500","Kjeldahl nitrogen-N, NA","mg/l","",5.9
"2SRRHWY27201209181500000","2","SRR","HWY27",0,2012-09-18,"1500","reactive.phosphorus, NA","mg/l","",0.12
"2SRRCO131201209181500000","2","SRR","CO131",0,2012-09-18,"1500","reactive.phosphorus, NA","mg/l","",1.7
"2SRRW7ST201209181500000","2","SRR","W7ST",0,2012-09-18,"1500","reactive.phosphorus, NA","mg/l","",0.68
"2SRRCO131201209181500000","2","SRR","CO131",0,2012-09-18,"1500","Total solids","mg/l","",1000
"2SRRHWY27201209181500000","2","SRR","HWY27",0,2012-09-18,"1500","Total solids","mg/l","",390
"2SRRW7ST201209181500000","2","SRR","W7ST",0,2012-09-18,"1500","Total solids","mg/l","",980
"2SRRCO131201209181500000","2","SRR","CO131",0,2012-09-18,"1500","Sulfate, NA","mg/l","",180
"2SRRW7ST201209181500000","2","SRR","W7ST",0,2012-09-18,"1500","Sulfate, NA","mg/l","",210
"2SRRHWY27201209181500000","2","SRR","HWY27",0,2012-09-18,"1500","Sulfate, NA","mg/l","",67
"2SRRHWY27201209181500000","2","SRR","HWY27",0,2012-09-18,"1500","Total dissolved solids","mg/l","",360
"2SRRW7ST201209181500000","2","SRR","W7ST",0,2012-09-18,"1500","Total dissolved solids","mg/l","",940
"2SRRCO131201209181500000","2","SRR","CO131",0,2012-09-18,"1500","Total dissolved solids","mg/l","",960
"2SRRHWY27201209181500000","2","SRR","HWY27",0,2012-09-18,"1500","Organc carbon, Total","mg/l","",10
"2SRRW7ST201209181500000","2","SRR","W7ST",0,2012-09-18,"1500","Organc carbon, Total","mg/l","",29
"2SRRCO131201209181500000","2","SRR","CO131",0,2012-09-18,"1500","Organc carbon, Total","mg/l","",9
"2SRRHWY27201209181500000","2","SRR","HWY27",0,2012-09-18,"1500","Total suspended solids","mg/l","",18
"2SRRCO131201209181500000","2","SRR","CO131",0,2012-09-18,"1500","Total suspended solids","mg/l","",38
"2SRRW7ST201209181500000","2","SRR","W7ST",0,2012-09-18,"1500","Total suspended solids","mg/l","",44
"2SRRCO149201209181600000","2","SRR","CO149",0,2012-09-18,"1600","Alkalinity, Total","mg/l CaCO3","",160
"2SRRHYE26201209181600000","2","SRR","HYE26",0,2012-09-18,"1600","Alkalinity, Total","mg/l CaCO3","",190
"2SRRCO149201209181600000","2","SRR","CO149",0,2012-09-18,"1600","NH4-N, NA","mg/l","<",0.2
"2SRRHYE26201209181600000","2","SRR","HYE26",0,2012-09-18,"1600","NH4-N, NA","mg/l","<",0.2
"2SRRCO149201209181600000","2","SRR","CO149",0,2012-09-18,"1600","Chloride, NA","mg/l","",15
"2SRRHYE26201209181600000","2","SRR","HYE26",0,2012-09-18,"1600","Chloride, NA","mg/l","",38
"2SRRHYE26201209181600000","2","SRR","HYE26",0,2012-09-18,"1600","Organic carbon, Dissolved","mg/l","",11
"2SRRCO149201209181600000","2","SRR","CO149",0,2012-09-18,"1600","Organic carbon, Dissolved","mg/l","",9.2
"2SRRCO149201209181600000","2","SRR","CO149",0,2012-09-18,"1600","NO2.3-N, NA","mg/l","",3.6
"2SRRHYE26201209181600000","2","SRR","HYE26",0,2012-09-18,"1600","NO2.3-N, NA","mg/l","",6.3
"2SRRHYE26201209181600000","2","SRR","HYE26",0,2012-09-18,"1600","Kjeldahl nitrogen-N, NA","mg/l","",0.8
"2SRRCO149201209181600000","2","SRR","CO149",0,2012-09-18,"1600","Kjeldahl nitrogen-N, NA","mg/l","",1.2
"2SRRCO149201209181600000","2","SRR","CO149",0,2012-09-18,"1600","reactive.phosphorus, NA","mg/l","",0.12
"2SRRHYE26201209181600000","2","SRR","HYE26",0,2012-09-18,"1600","reactive.phosphorus, NA","mg/l","",0.16
"2SRRCO149201209181600000","2","SRR","CO149",0,2012-09-18,"1600","Total solids","mg/l","",420
"2SRRHYE26201209181600000","2","SRR","HYE26",0,2012-09-18,"1600","Total solids","mg/l","",480
"2SRRCO149201209181600000","2","SRR","CO149",0,2012-09-18,"1600","Sulfate, NA","mg/l","",81
"2SRRHYE26201209181600000","2","SRR","HYE26",0,2012-09-18,"1600","Sulfate, NA","mg/l","",89
"2SRRCO149201209181600000","2","SRR","CO149",0,2012-09-18,"1600","Total dissolved solids","mg/l","",360
"2SRRHYE26201209181600000","2","SRR","HYE26",0,2012-09-18,"1600","Total dissolved solids","mg/l","",440
"2SRRHYE26201209181600000","2","SRR","HYE26",0,2012-09-18,"1600","Organc carbon, Total","mg/l","",11
"2SRRCO149201209181600000","2","SRR","CO149",0,2012-09-18,"1600","Organc carbon, Total","mg/l","",9.5
"2SRRCO149201209181600000","2","SRR","CO149",0,2012-09-18,"1600","Total suspended solids","mg/l","",16
"2SRRHYE26201209181600000","2","SRR","HYE26",0,2012-09-18,"1600","Total suspended solids","mg/l","",8.4
"2SRRE200S201209181700000","2","SRR","E200S",0,2012-09-18,"1700","Alkalinity, Total","mg/l CaCO3","",250
"2SRRH400S201209181700000","2","SRR","H400S",0,2012-09-18,"1700","Alkalinity, Total","mg/l CaCO3","",260
"2SRRE200S201209181700000","2","SRR","E200S",0,2012-09-18,"1700","NH4-N, NA","mg/l","<",0.2
"2SRRH400S201209181700000","2","SRR","H400S",0,2012-09-18,"1700","NH4-N, NA","mg/l","<",0.2
"2SRRH400S201209181700000","2","SRR","H400S",0,2012-09-18,"1700","Chloride, NA","mg/l","",110
"2SRRE200S201209181700000","2","SRR","E200S",0,2012-09-18,"1700","Chloride, NA","mg/l","",70
"2SRRH400S201209181700000","2","SRR","H400S",0,2012-09-18,"1700","Organic carbon, Dissolved","mg/l","",43
"2SRRE200S201209181700000","2","SRR","E200S",0,2012-09-18,"1700","Organic carbon, Dissolved","mg/l","",9.1
"2SRRH400S201209181700000","2","SRR","H400S",0,2012-09-18,"1700","NO2.3-N, NA","mg/l","",0.65
"2SRRE200S201209181700000","2","SRR","E200S",0,2012-09-18,"1700","NO2.3-N, NA","mg/l","",2.8
"2SRRE200S201209181700000","2","SRR","E200S",0,2012-09-18,"1700","Kjeldahl nitrogen-N, NA","mg/l","",0.9
"2SRRH400S201209181700000","2","SRR","H400S",0,2012-09-18,"1700","Kjeldahl nitrogen-N, NA","mg/l","",0.92
"2SRRE200S201209181700000","2","SRR","E200S",0,2012-09-18,"1700","reactive.phosphorus, NA","mg/l","",0.13
"2SRRH400S201209181700000","2","SRR","H400S",0,2012-09-18,"1700","reactive.phosphorus, NA","mg/l","",0.19
"2SRRE200S201209181700000","2","SRR","E200S",0,2012-09-18,"1700","Total solids","mg/l","",620
"2SRRH400S201209181700000","2","SRR","H400S",0,2012-09-18,"1700","Total solids","mg/l","",700
"2SRRH400S201209181700000","2","SRR","H400S",0,2012-09-18,"1700","Sulfate, NA","mg/l","",120
"2SRRE200S201209181700000","2","SRR","E200S",0,2012-09-18,"1700","Sulfate, NA","mg/l","",130
"2SRRE200S201209181700000","2","SRR","E200S",0,2012-09-18,"1700","Total dissolved solids","mg/l","",580
"2SRRH400S201209181700000","2","SRR","H400S",0,2012-09-18,"1700","Total dissolved solids","mg/l","",620
"2SRRH400S201209181700000","2","SRR","H400S",0,2012-09-18,"1700","Organc carbon, Total","mg/l","",8.1
"2SRRE200S201209181700000","2","SRR","E200S",0,2012-09-18,"1700","Organc carbon, Total","mg/l","",8.8
"2SRRE200S201209181700000","2","SRR","E200S",0,2012-09-18,"1700","Total suspended solids","mg/l","",12
"2SRRH400S201209181700000","2","SRR","H400S",0,2012-09-18,"1700","Total suspended solids","mg/l","",28
"2SRRHY124201209180900000","2","SRR","HY124",0,2012-09-18,"0900","Alkalinity, Total","mg/l CaCO3","",200
"2SRRHY124201209180900000","2","SRR","HY124",0,2012-09-18,"0900","NH4-N, NA","mg/l","<",0.2
"2SRRHY124201209180900000","2","SRR","HY124",0,2012-09-18,"0900","Chloride, NA","mg/l","",30
"2SRRHY124201209180900000","2","SRR","HY124",0,2012-09-18,"0900","Organic carbon, Dissolved","mg/l","",12
"2SRRHY124201209180900000","2","SRR","HY124",0,2012-09-18,"0900","NO2.3-N, NA","mg/l","",4.1
"2SRRHY124201209180900000","2","SRR","HY124",0,2012-09-18,"0900","Kjeldahl nitrogen-N, NA","mg/l","",0.58
"2SRRHY124201209180900000","2","SRR","HY124",0,2012-09-18,"0900","reactive.phosphorus, NA","mg/l","",0.14
"2SRRHY124201209180900000","2","SRR","HY124",0,2012-09-18,"0900","Total solids","mg/l","",400
"2SRRHY124201209180900000","2","SRR","HY124",0,2012-09-18,"0900","Sulfate, NA","mg/l","",62
"2SRRHY124201209180900000","2","SRR","HY124",0,2012-09-18,"0900","Total dissolved solids","mg/l","",390
"2SRRHY124201209180900000","2","SRR","HY124",0,2012-09-18,"0900","Organc carbon, Total","mg/l","",13
"2SRRHY124201209180900000","2","SRR","HY124",0,2012-09-18,"0900","Total suspended solids","mg/l","",14
"2SRR20001201209191000000","2","SRR","20001",0,2012-09-19,"1000","Alkalinity, Total","mg/l CaCO3","",140
"2SRR20001201209191000000","2","SRR","20001",0,2012-09-19,"1000","NH4-N, NA","mg/l","",0.37
"2SRR20001201209191000000","2","SRR","20001",0,2012-09-19,"1000","Chloride, NA","mg/l","",34
"2SRR20001201209191000000","2","SRR","20001",0,2012-09-19,"1000","Chlorophyll a, NA","mg/m3","",25
"2SRR20001201209191000000","2","SRR","20001",0,2012-09-19,"1000","Organic carbon, Dissolved","mg/l","",12
"2SRR20001201209191000000","2","SRR","20001",0,2012-09-19,"1000","NO2.3-N, NA","mg/l","",0.39
"2SRR20001201209191000000","2","SRR","20001",0,2012-09-19,"1000","Kjeldahl nitrogen-N, NA","mg/l","<",1.2
"2SRR20001201209191000000","2","SRR","20001",0,2012-09-19,"1000","reactive.phosphorus, NA","mg/l","",0.079
"2SRR20001201209191000000","2","SRR","20001",0,2012-09-19,"1000","Total solids","mg/l","",260
"2SRR20001201209191000000","2","SRR","20001",0,2012-09-19,"1000","Sulfate, NA","mg/l","",45
"2SRR20001201209191000000","2","SRR","20001",0,2012-09-19,"1000","Total dissolved solids","mg/l","",320
"2SRR20001201209191000000","2","SRR","20001",0,2012-09-19,"1000","Organc carbon, Total","mg/l","",11
"2SRR20001201209191000000","2","SRR","20001",0,2012-09-19,"1000","Total suspended solids","mg/l","",5
"2SRR20001201209191000010","2","SRR","20001",10,2012-09-19,"1000","Chlorophyll a, NA","mg/m3","",20
"2SRR20001201209191000020","2","SRR","20001",20,2012-09-19,"1000","Chlorophyll a, NA","mg/m3","",9.9
"2SRR20001201209191000041","2","SRR","20001",41,2012-09-19,"1000","Alkalinity, Total","mg/l CaCO3","",170
"2SRR20001201209191000041","2","SRR","20001",41,2012-09-19,"1000","NH4-N, NA","mg/l","",2.1
"2SRR20001201209191000041","2","SRR","20001",41,2012-09-19,"1000","Chloride, NA","mg/l","",32
"2SRR20001201209191000041","2","SRR","20001",41,2012-09-19,"1000","Organic carbon, Dissolved","mg/l","",14
"2SRR20001201209191000041","2","SRR","20001",41,2012-09-19,"1000","NO2.3-N, NA","mg/l","<",0.2
"2SRR20001201209191000041","2","SRR","20001",41,2012-09-19,"1000","Kjeldahl nitrogen-N, NA","mg/l","",2.5
"2SRR20001201209191000041","2","SRR","20001",41,2012-09-19,"1000","reactive.phosphorus, NA","mg/l","",0.33
"2SRR20001201209191000041","2","SRR","20001",41,2012-09-19,"1000","Total solids","mg/l","",270
"2SRR20001201209191000041","2","SRR","20001",41,2012-09-19,"1000","Sulfate, NA","mg/l","",37
"2SRR20001201209191000041","2","SRR","20001",41,2012-09-19,"1000","Total dissolved solids","mg/l","",330
"2SRR20001201209191000041","2","SRR","20001",41,2012-09-19,"1000","Organc carbon, Total","mg/l","",15
"2SRR20001201209191000041","2","SRR","20001",41,2012-09-19,"1000","Total suspended solids","mg/l","",11
"2SRR20001201209191000005","2","SRR","20001",5,2012-09-19,"1000","Chlorophyll a, NA","mg/m3","",17
"2SRR20001201209191041000","2","SRR","20001",0,2012-09-19,"1041","Chlorophyll a, NA","mg/m3","",22
"2SRR20001201209191041041","2","SRR","20001",41,2012-09-19,"1041","Alkalinity, Total","mg/l CaCO3","",170
"2SRR20001201209191041041","2","SRR","20001",41,2012-09-19,"1041","NH4-N, NA","mg/l","",1.8
"2SRR20001201209191041041","2","SRR","20001",41,2012-09-19,"1041","Chloride, NA","mg/l","",32
"2SRR20001201209191041041","2","SRR","20001",41,2012-09-19,"1041","Organic carbon, Dissolved","mg/l","",12
"2SRR20001201209191041041","2","SRR","20001",41,2012-09-19,"1041","NO2.3-N, NA","mg/l","",0.1
"2SRR20001201209191041041","2","SRR","20001",41,2012-09-19,"1041","Kjeldahl nitrogen-N, NA","mg/l","",2
"2SRR20001201209191041041","2","SRR","20001",41,2012-09-19,"1041","reactive.phosphorus, NA","mg/l","",0.27
"2SRR20001201209191041041","2","SRR","20001",41,2012-09-19,"1041","Total solids","mg/l","",280
"2SRR20001201209191041041","2","SRR","20001",41,2012-09-19,"1041","Sulfate, NA","mg/l","",38
"2SRR20001201209191041041","2","SRR","20001",41,2012-09-19,"1041","Total dissolved solids","mg/l","",300
"2SRR20001201209191041041","2","SRR","20001",41,2012-09-19,"1041","Organc carbon, Total","mg/l","",13
"2SRR20001201209191041041","2","SRR","20001",41,2012-09-19,"1041","Total suspended solids","mg/l","",11
"2SRR20031201209191100000","2","SRR","20031",0,2012-09-19,"1100","Alkalinity, Total","mg/l CaCO3","",130
"2SRR20031201209191100000","2","SRR","20031",0,2012-09-19,"1100","NH4-N, NA","mg/l","<",0.2
"2SRR20031201209191100000","2","SRR","20031",0,2012-09-19,"1100","Chloride, NA","mg/l","",34
"2SRR20031201209191100000","2","SRR","20031",0,2012-09-19,"1100","Chlorophyll a, NA","mg/m3","",67
"2SRR20031201209191100000","2","SRR","20031",0,2012-09-19,"1100","Organic carbon, Dissolved","mg/l","",9.9
"2SRR20031201209191100000","2","SRR","20031",0,2012-09-19,"1100","NO2.3-N, NA","mg/l","",0.2
"2SRR20031201209191100000","2","SRR","20031",0,2012-09-19,"1100","Kjeldahl nitrogen-N, NA","mg/l","",0.5
"2SRR20031201209191100000","2","SRR","20031",0,2012-09-19,"1100","reactive.phosphorus, NA","mg/l","",0.085
"2SRR20031201209191100000","2","SRR","20031",0,2012-09-19,"1100","Total solids","mg/l","",290
"2SRR20031201209191100000","2","SRR","20031",0,2012-09-19,"1100","Sulfate, NA","mg/l","",49
"2SRR20031201209191100000","2","SRR","20031",0,2012-09-19,"1100","Total dissolved solids","mg/l","",290
"2SRR20031201209191100000","2","SRR","20031",0,2012-09-19,"1100","Organc carbon, Total","mg/l","",13
"2SRR20031201209191100000","2","SRR","20031",0,2012-09-19,"1100","Total suspended solids","mg/l","",14
"2SRR20031201209191100005","2","SRR","20031",5,2012-09-19,"1100","Chlorophyll a, NA","mg/m3","",83
"2SRR20030201209191200000","2","SRR","20030",0,2012-09-19,"1200","Alkalinity, Total","mg/l CaCO3","",130
"2SRR20028201209191200000","2","SRR","20028",0,2012-09-19,"1200","Alkalinity, Total","mg/l CaCO3","",130
"2SRR20028201209191200000","2","SRR","20028",0,2012-09-19,"1200","NH4-N, NA","mg/l","<",0.2
"2SRR20030201209191200000","2","SRR","20030",0,2012-09-19,"1200","NH4-N, NA","mg/l","",0.078
"2SRR20028201209191200000","2","SRR","20028",0,2012-09-19,"1200","Chloride, NA","mg/l","",32
"2SRR20030201209191200000","2","SRR","20030",0,2012-09-19,"1200","Chloride, NA","mg/l","",34
"2SRR20028201209191200000","2","SRR","20028",0,2012-09-19,"1200","Chlorophyll a, NA","mg/m3","",110
"2SRR20030201209191200000","2","SRR","20030",0,2012-09-19,"1200","Chlorophyll a, NA","mg/m3","",43
"2SRR20030201209191200000","2","SRR","20030",0,2012-09-19,"1200","Organic carbon, Dissolved","mg/l","",10
"2SRR20028201209191200000","2","SRR","20028",0,2012-09-19,"1200","Organic carbon, Dissolved","mg/l","",10
"2SRR20030201209191200000","2","SRR","20030",0,2012-09-19,"1200","NO2.3-N, NA","mg/l","",0.3
"2SRR20028201209191200000","2","SRR","20028",0,2012-09-19,"1200","NO2.3-N, NA","mg/l","",0.82
"2SRR20030201209191200000","2","SRR","20030",0,2012-09-19,"1200","Kjeldahl nitrogen-N, NA","mg/l","",0.42
"2SRR20028201209191200000","2","SRR","20028",0,2012-09-19,"1200","Kjeldahl nitrogen-N, NA","mg/l","",0.43
"2SRR20028201209191200000","2","SRR","20028",0,2012-09-19,"1200","reactive.phosphorus, NA","mg/l","",0.14
"2SRR20030201209191200000","2","SRR","20030",0,2012-09-19,"1200","reactive.phosphorus, NA","mg/l","",0.066
"2SRR20030201209191200000","2","SRR","20030",0,2012-09-19,"1200","Total solids","mg/l","",280
"2SRR20028201209191200000","2","SRR","20028",0,2012-09-19,"1200","Total solids","mg/l","",300
"2SRR20028201209191200000","2","SRR","20028",0,2012-09-19,"1200","Sulfate, NA","mg/l","",44
"2SRR20030201209191200000","2","SRR","20030",0,2012-09-19,"1200","Sulfate, NA","mg/l","",47
"2SRR20028201209191200000","2","SRR","20028",0,2012-09-19,"1200","Total dissolved solids","mg/l","",290
"2SRR20030201209191200000","2","SRR","20030",0,2012-09-19,"1200","Total dissolved solids","mg/l","",310
"2SRR20030201209191200000","2","SRR","20030",0,2012-09-19,"1200","Organc carbon, Total","mg/l","",11
"2SRR20028201209191200000","2","SRR","20028",0,2012-09-19,"1200","Organc carbon, Total","mg/l","",12
"2SRR20030201209191200000","2","SRR","20030",0,2012-09-19,"1200","Total suspended solids","mg/l","",11
"2SRR20028201209191200000","2","SRR","20028",0,2012-09-19,"1200","Total suspended solids","mg/l","",22
"2SRR20030201209191200010","2","SRR","20030",10,2012-09-19,"1200","Chlorophyll a, NA","mg/m3","",27
"2SRR20030201209191200015","2","SRR","20030",15,2012-09-19,"1200","Alkalinity, Total","mg/l CaCO3","",140
"2SRR20030201209191200015","2","SRR","20030",15,2012-09-19,"1200","NH4-N, NA","mg/l","",0.085
"2SRR20030201209191200015","2","SRR","20030",15,2012-09-19,"1200","Chloride, NA","mg/l","",34
"2SRR20030201209191200015","2","SRR","20030",15,2012-09-19,"1200","Organic carbon, Dissolved","mg/l","",9.4
"2SRR20030201209191200015","2","SRR","20030",15,2012-09-19,"1200","NO2.3-N, NA","mg/l","",0.3
"2SRR20030201209191200015","2","SRR","20030",15,2012-09-19,"1200","Kjeldahl nitrogen-N, NA","mg/l","",0.79
"2SRR20030201209191200015","2","SRR","20030",15,2012-09-19,"1200","reactive.phosphorus, NA","mg/l","",0.07
"2SRR20030201209191200015","2","SRR","20030",15,2012-09-19,"1200","Total solids","mg/l","",270
"2SRR20030201209191200015","2","SRR","20030",15,2012-09-19,"1200","Sulfate, NA","mg/l","",47
"2SRR20030201209191200015","2","SRR","20030",15,2012-09-19,"1200","Total dissolved solids","mg/l","",280
"2SRR20030201209191200015","2","SRR","20030",15,2012-09-19,"1200","Organc carbon, Total","mg/l","",10
"2SRR20030201209191200015","2","SRR","20030",15,2012-09-19,"1200","Total suspended solids","mg/l","",9.5
"2SRR20028201209191200005","2","SRR","20028",5,2012-09-19,"1200","Chlorophyll a, NA","mg/m3","",110
"2SRR20030201209191200005","2","SRR","20030",5,2012-09-19,"1200","Chlorophyll a, NA","mg/m3","",35
"2SRR20025201209191300000","2","SRR","20025",0,2012-09-19,"1300","Alkalinity, Total","mg/l CaCO3","",130
"2SRR20002201209191300000","2","SRR","20002",0,2012-09-19,"1300","Alkalinity, Total","mg/l CaCO3","",140
"2SRR20025201209191300000","2","SRR","20025",0,2012-09-19,"1300","NH4-N, NA","mg/l","<",0.2
"2SRR20002201209191300000","2","SRR","20002",0,2012-09-19,"1300","NH4-N, NA","mg/l","<",0.2
"2SRR20025201209191300000","2","SRR","20025",0,2012-09-19,"1300","Chloride, NA","mg/l","",32
"2SRR20002201209191300000","2","SRR","20002",0,2012-09-19,"1300","Chloride, NA","mg/l","",34
"2SRR20025201209191300000","2","SRR","20025",0,2012-09-19,"1300","Chlorophyll a, NA","mg/m3","",220
"2SRR20002201209191300000","2","SRR","20002",0,2012-09-19,"1300","Chlorophyll a, NA","mg/m3","",54
"2SRR20002201209191300000","2","SRR","20002",0,2012-09-19,"1300","Organic carbon, Dissolved","mg/l","",8.5
"2SRR20025201209191300000","2","SRR","20025",0,2012-09-19,"1300","Organic carbon, Dissolved","mg/l","",9.4
"2SRR20002201209191300000","2","SRR","20002",0,2012-09-19,"1300","NO2.3-N, NA","mg/l","",0.41
"2SRR20025201209191300000","2","SRR","20025",0,2012-09-19,"1300","NO2.3-N, NA","mg/l","",0.88
"2SRR20002201209191300000","2","SRR","20002",0,2012-09-19,"1300","Kjeldahl nitrogen-N, NA","mg/l","",0.78
"2SRR20025201209191300000","2","SRR","20025",0,2012-09-19,"1300","Kjeldahl nitrogen-N, NA","mg/l","",0.99
"2SRR20025201209191300000","2","SRR","20025",0,2012-09-19,"1300","reactive.phosphorus, NA","mg/l","",0.25
"2SRR20002201209191300000","2","SRR","20002",0,2012-09-19,"1300","reactive.phosphorus, NA","mg/l","",0.075
"2SRR20002201209191300000","2","SRR","20002",0,2012-09-19,"1300","Total solids","mg/l","",290
"2SRR20025201209191300000","2","SRR","20025",0,2012-09-19,"1300","Total solids","mg/l","",330
"2SRR20025201209191300000","2","SRR","20025",0,2012-09-19,"1300","Sulfate, NA","mg/l","",44
"2SRR20002201209191300000","2","SRR","20002",0,2012-09-19,"1300","Sulfate, NA","mg/l","",46
"2SRR20002201209191300000","2","SRR","20002",0,2012-09-19,"1300","Total dissolved solids","mg/l","",290
"2SRR20025201209191300000","2","SRR","20025",0,2012-09-19,"1300","Total dissolved solids","mg/l","",310
"2SRR20002201209191300000","2","SRR","20002",0,2012-09-19,"1300","Organc carbon, Total","mg/l","",10
"2SRR20025201209191300000","2","SRR","20025",0,2012-09-19,"1300","Organc carbon, Total","mg/l","",12
"2SRR20002201209191300000","2","SRR","20002",0,2012-09-19,"1300","Total suspended solids","mg/l","",12
"2SRR20025201209191300000","2","SRR","20025",0,2012-09-19,"1300","Total suspended solids","mg/l","",26
"2SRR20025201209191300005","2","SRR","20025",5,2012-09-19,"1300","Chlorophyll a, NA","mg/m3","",220
"2SRR20002201209191300005","2","SRR","20002",5,2012-09-19,"1300","Chlorophyll a, NA","mg/m3","",54
